Year	Player
1978	Del Beshore
1978	Mike Davis
1978	Rock Lee
1978	Myles Patrick
1978	Sam Pellom
1978	Jim Zoet
1979	Norman Black
1979	Alan Hardy
1979	Bill Mayfield
1980	Jim Brogan
1981	Jerome Henderson
1981	Ron Cavenall
1985	David Cooke
1985	Dennis Nutt
1985	Joao Vianna
1986	Rob Rose
1986	Andre Spencer
1986	Kelvin Upshaw
1986	Stojko Vrankovic
1987	Randy Allen
1987	Sergei Bazarevich
1987	Scott Brooks
1987	Mike Champion
1987	Tom Copa
1987	Radisav Curcic
1987	Cedric Hunter
1987	Mark Wade
1987	David Wood
1987	A.J. Wynder
1988	Lloyd Daniels
1988	Wayne Englestad
1988	Duane Ferrell
1988	Ben Gillery
1988	Henry James
1988	Avery Johnson
1988	Bill Jones
1988	Tim Legler
1988	Carlton McKinney
1988	Tracy Moore
1988	Richard Morton
1988	Zarko Paspalj
1988	Ramon Rivas
1988	John Starks
1988	Henry Turner
1988	Gary Voce
1988	Kennard Winchester
1989	Raymond Brown
1989	Torgeir Bryn
1989	Steve Bucknall
1989	Adrian Caldwell
1989	Chris Childs
1989	Lanard Copeland
1989	Terry Davis
1989	Tony Dawson
1989	Byron Dinkins
1989	Aleksandar Djordjevic
1989	Terry Dozier
1989	Andrew Gaze
1989	Paul Graham
1989	Alvin Heggs
1989	Mike Higgins
1989	Tom Hovasse
1989	Mark Hughes
1989	Jaren Jackson
1989	Eric Johnson
1989	Thomas Jordan
1989	Stan Kimbrough
1989	Jeff Lebo
1989	Clifford Lett
1989	Mel McCants
1989	Charles Smith2
1989	Jay Taylor
1989	Leonard Taylor
1989	Gundars Vetra
1989	Howard Wright
1990	Keith Askins
1990	Cedric Ball
1990	David Benoit
1990	Mark Bradtke
1990	Matt Bullard
1990	Rick Calloway
1990	Richard Coffey
1990	Marty Conlon
1990	Michael Curry
1990	Dan Godfread
1990	Andres Guibert
1990	Tony Harris
1990	Skeeter Henry
1990	Brian Howard
1990	Kurk Lee
1990	Ian Lockhart
1990	Tharon Mayes
1990	Chris Munk
1990	Melvin Newbern
1990	Dan OSullivan
1990	Alan Ogg
1990	Anthony Pullard
1990	Eldridge Recasner
1990	Larry Robinson
1990	Irving Thomas
1990	Stephen Thompson
1990	Andy Toolson
1990	Scott Williams
1991	Darrell Armstrong
1991	James Blackwell
1991	Walter Bond
1991	Demetrius Calip
1991	John Crotty
1991	Emanual Davis
1991	Patrick Eddie
1991	Vincenzo Esposito
1991	Tony Farmer
1991	Jay Guidinger
1991	Reggie Hanson
1991	Jerome Harmon
1991	Keith Jennings
1991	Reggie Jordan
1991	Cedric Lewis
1991	Keith Owens
1991	Robert Pack
1991	Larry Stewart
1991	Brett Szabo
1991	Carl Thomas
1991	Charles Thomas
1991	Donald Whiteside
1991	Lorenzo Williams
1991	Travis Williams
1992	Gary Alexander
1992	Eric Anderson
1992	LaMark Baker
1992	Alex Blackwell
1992	Marques Bragg
1992	Tim Breaux
1992	Dexter Cambridge
1992	Joe Courtney
1992	Rastko Cvetkovic
1992	Dell Demps
1992	Harold Ellis
1992	Jo Jo English
1992	Shane Heal
1992	Stephen Howard
1992	Chris Jent
1992	Arijan Komazec
1992	Sam Mack
1992	Gerald Madkins
1992	Bob Martin
1992	Darrick Martin
1992	Matt Othick
1992	Reggie Slater
1992	Mark Strickland
1992	Keith Tower
1992	Anthony Tucker
1992	Marcus Webb
1992	David Wesley
1993	Ashraf Amaya
1993	Dexter Boney
1993	Bruce Bowen
1993	Mitchell Butler
1993	Kornel David
1993	Bill Edwards
1993	Evric Gray
1993	Antonio Harvey
1993	Stanley Jackson
1993	Warren Kidd
1993	Todd Mundt
1993	Julius Nwosu
1993	Bo Outlaw
1993	Antoine Rigaudeau
1993	Brent Scott
1993	Matt Wenstrom
1993	Aaron Williams
1994	Melvin Booker
1994	Lazaro Borrell
1994	Jimmy Carruth
1994	Robert Churchwell
1994	Thomas Hamilton
1994	Malcolm Huckaby
1994	Askia Jones
1994	Ryan Lorthridge
1994	Ivano Newbill
1994	Derrick Phelps
1994	Trevor Ruffin
1994	Kevin Salvadori
1994	Stevin Smith
1994	Aaron Swinson
1994	Logan Vander Velden
1994	Fred Vinson
1995	John Amaechi
1995	Corey Beck
1995	Rick Brunson
1995	John Coker
1995	Dan Cross
1995	Nate Driggers
1995	Devin Gray
1995	Michael Hawkins
1995	Gerard King
1995	Matt Maloney
1995	Howard Nathan
1995	Ruben Nembhard
1995	Kevin Ollie
1995	Ray Owes
1995	James Scott
1995	Larry Sykes
1995	David Vanterpool
1995	Ruben Wolkowyski
1996	Chucky Atkins
1996	Ira Bowman
1996	William Cunningham
1996	Adrian Griffin
1996	Darvin Ham
1996	Ben Handlogten
1996	Juaquin Hawkins
1996	Rick Hughes
1996	Ibo Kutluay
1996	Rusty LaRue
1996	Horacio Llamas Grey
1996	Art Long
1996	Joe Stephens
1996	Erick Strickland
1996	Ben Wallace
1996	Brandon Williams
1997	Peter Aluma
1997	Etdrick Bohannon
1997	Pat Burke
1997	Keith Closs
1997	Reggie Freeman
1997	Chris Garner
1997	Marlon Garnett
1997	Kiwane Garris
1997	Derek Grimm
1997	Troy Hudson
1997	Nate Huffman
1997	Damon Jones
1997	Jonathan Kerner
1997	Mikki Moore
1997	Ira Newble
1997	Fabricio Oberto
1997	Mike Penberthy
1997	Jamal Robinson
1997	Shea Seals
1997	Alvin Sims
1997	Michael Stewart
1997	Dedric Willoughby
1997	Trevor Winter
1998	Earl Boykins
1998	Gerald Brown
1998	Anthony Carter
1998	Sean Colson
1998	Ruben Garces
1998	Steve Goodrich
1998	Zendon Hamilton
1998	Randell Jackson
1998	Mike James
1998	Mark Jones
1998	Sarunas Jasikevicius
1998	Charles Jones3
1998	Garth Joseph
1998	Kelly McCarty
1998	Stanislav Medvedenko
1998	Brad Miller
1998	Makhtar NDiaye
1998	Tyrone Nesby
1998	Ike Nwankwo
1998	Daniel Santiago
1998	Jeff Sheppard
1998	Billy Thomas
1998	Oscar Torres
2000	Chris Andersen
1999	Mengke Bateer
1999	Mike Batiste
1999	Raja Bell
1999	Geno Carlisle
1999	Maurice Carter
1999	Jorge Garbajosa
1999	Tyrone Grant
1999	Derek Hood
1999	Jermaine Jackson
1999	Harold Jamison
1999	Jason Miskiri
1999	Boniface NDong
1999	Ademola Okulaja
1999	Milt Palacio
1999	Andy Panko
1999	Pablo Prigioni
1999	Eddie Robinson
1999	Guy Rucker
1999	Jamel Thomas
1999	Wayne Turner
2000	Malik Allen
2000	Desmond Ferguson
2000	Richie Frahm
2000	Eddie Gill
2000	Paul McPherson
2000	Gabe Muoneke
2000	Terrance Roberson
2000	Pepe Sanchez
2000	Alex Scales
2000	Ime Udoka
2001	Carlos Arroyo
2001	Charlie Bell
2001	Tierre Brown
2001	Casey Calvary
2001	Joe Crispin
2001	Maurice Evans
2001	Tang Hamilton
2001	Walter Herrmann
2001	Horace Jenkins
2001	Jamario Moon
2001	Andres Nocioni
2001	Dean Oliver
2001	Norm Richardson
2001	Paul Shirley
2001	Cezary Trybanski
2001	Ratko Varda
2001	Mike Wilks
2002	Maurice Baker
2002	J.R. Bremer
2002	Devin Brown
2002	Josh Davis
2002	Reggie Evans
2002	Alex Garcia
2002	Lynn Greer
2002	Anthony Grundy
2002	Adam Harrington
2002	Junior Harrington
2002	Udonis Haslem
2002	Linton Johnson
2002	Arvydas Macijauskas
2002	Didier Ilunga-Mbenga
2002	Keith McLeod
2002	Jannero Pargo
2002	Smush Parker
2002	Predrag Savovic
2002	Awvee Storey
2002	Yuta Tabuse
2003	Earl Barron
2003	Kevin Burleson
2003	Jose Calderon
2003	Matt Carroll
2003	Marquis Daniels
2003	Ronald Dupree
2003	Noel Felix
2003	Hiram Fuller
2003	Britton Johnsen
2003	Brandin Knight
2003	Desmond Penigar
2003	Kirk Penney
2003	Josh Powell
2003	Kasib Powell
2003	Quinton Ross
2003	Melvin Sanders
2003	James Singleton
2003	Theron Smith
2004	Pero Antic
2004	Andre Barrett
2004	Tony Bobbitt
2004	Andre Brown
2004	Jackie Butler
2004	Erik Daniels
2004	John Edwards
2004	Desmon Farmer
2004	Gerald Fitch
2004	Hamed Haddadi
2004	Renaldo Major
2004	Jared Reiner
2004	James Thomas
2004	Damien Wilkins
2005	Lance Allred
2005	Alan Anderson
2005	Kelenna Azubuike
2005	Sean Banks
2005	Eddie Basden
2005	Esteban Batista
2005	Will Bynum
2005	Will Conroy
2005	Yakhouba Diawara
2005	Sharrod Ford
2005	Deng Gai
2005	Stephen Graham
2005	Devin Green
2005	Mike Harris
2005	Chuck Hayes
2005	Marcelo Huertas
2005	Dwayne Jones
2005	Keith Langford
2005	John Lucas III
2005	Rawle Marshall
2005	Ivan McFarlin
2005	Aaron Miles
2005	Randolph Morris
2005	Andre Owens
2005	Kevinn Pinkney
2005	Roger Powell
2005	Ronnie Price
2005	Shavlik Randolph
2005	Anthony Roberson
2005	Luke Schenscher
2005	Donell Taylor
2005	Matt Walsh
2005	Jawad Williams
2006	Lou Amundson
2006	J.J. Barea
2006	Cedric Bozeman
2006	Chris Copeland
2006	Thomas Gardner
2006	Mike Hall
2006	Robert Hite
2006	Chris Hunter
2006	Dontell Jefferson
2006	Eugene Jeter
2006	Carldell Johnson
2006	Tarence Kinsey
2006	Chris McCray
2006	Pops Mensah-Bonsu
2006	Larry Owens
2006	Chris Quinn
2006	Allan Ray
2006	Jeremy Richardson
2006	Walker Russell
2006	Steven Smith
2006	Darius Washington
2006	C.J. Watson
2006	Justin Williams
2007	Blake Ahearn
2007	Joel Anthony
2007	Gustavo Ayon
2007	Bobby Brown
2007	Eric Dawson
2007	Zabian Dowdell
2007	Andre Ingram
2007	Ivan Johnson
2007	Trey Johnson
2007	Coby Karl
2007	Oliver Lafayette
2007	Cartier Martin
2007	Gary Neal
2007	Mustafa Shakur
2007	Courtney Sims
2007	Mirza Teletovic
2007	Anthony Tolliver
2007	Darryl Watkins
2007	Mario West
2008	Gary Forbes
2008	Sundiata Gaines
2008	Trey Gilder
2008	Mickell Gladness
2008	Steven Hill
2008	Othello Hunter
2008	Othyus Jeffers
2008	Rob Kurz
2008	Salah Mejri
2008	Gal Mekel
2008	Anthony Morrow
2008	Timofey Mozgov
2008	DeMarcus Nelson
2008	Brian Roberts
2008	Damjan Rudez
2008	Greg Stiemsma
2008	Reggie Williams
2009	Jeff Adrien
2009	Josh Akognon
2009	Antonio Anderson
2009	Aron Baynes
2009	Dionte Christmas
2009	Marcus Cousin
2009	Luigi Datome
2009	Justin Dentmon
2009	Shane Edwards
2009	Vitor Faverani
2009	Alonzo Gee
2009	Terrel Harris
2009	Joe Ingles
2009	Aaron Jackson
2009	Cedric Jackson
2009	Chris Johnson1
2009	Viacheslav Kravtsov
2009	Marcus Landry
2009	Wesley Matthews
2009	Jerel McNeal
2009	Jeremy Pargo
2009	Garret Siler
2009	Garrett Temple
2009	Milos Teodosic
2009	Luke Zeller
2010	Patrick Christopher
2010	Sherron Collins
2010	Jerome Dyson
2010	Courtney Fortson
2010	Jeff Foote
2010	Jonathan Gibson
2010	Manny Harris
2010	Dennis Horner
2010	Jeremy Lin
2010	Boban Marjanovic
2010	Elijah Millsap
2010	Tim Ohlbrecht
2010	Arinze Onuaku
2010	Miroslav Raduljica
2010	Samardo Samuels
2010	Alexey Shved
2010	Donald Sloan
2010	Ish Smith
2010	Jerry Smith
2010	Lance Thomas
2010	Edwin Ubiles
2010	Ben Uzoh
2011	Dairis Bertans
2011	Dwight Buycks
2011	Malcolm Delaney
2011	Zoran Dragic
2011	Diante Garrett
2011	Ben Hansbrough
2011	Cory Higgins
2011	Justin Holiday
2011	John Holland
2011	Scotty Hopson
2011	Omari Johnson
2011	D.J. Kennedy
2011	Mindaugas Kuzminskas
2011	Kalin Lucas
2011	Jacob Pullen
2011	Willie Reed
2011	Xavier Silas
2011	Greg Smith
2011	Alex Stepheson
2011	Julyan Stone
2011	Malcolm Thomas
2011	Mychel Thompson
2011	Brad Wanamaker
2011	Chris Wright1
2011	Chris Wright2
2012	Kent Bazemore
2012	Drew Gordon
2012	JaMychal Green
2012	Jorge Gutierrez
2012	Mike James
2012	Chris Johnson2
2012	DeQuan Jones
2012	Kevin Jones
2012	Nicolas Laprovittola
2012	Scott Machado
2012	Josh Magette
2012	Tony Mitchell2
2012	Toure Murry
2012	James Nunnally
2012	Jonathon Simmons
2012	Henry Sims
2012	Chris Smith
2012	Hollis Thompson
2012	Casper Ware
2012	Maalik Wayns
2012	C.J. Williams
2013	Chris Babb
2013	Vander Blue
2013	Ryan Broekhoff
2013	Will Cherry
2013	Ian Clark
2013	Jack Cooley
2013	Robert Covington
2013	Seth Curry
2013	Troy Daniels
2013	Brandon Davies
2013	Dewayne Dedmon
2013	Matthew Dellavedova
2013	Larry Drew II
2013	Elias Harris
2013	Reggie Hearn
2013	Rodney McGruder
2013	Trey McKinney-Jones
2013	Brandon Paul
2013	Phil Pressey
2013	James Southerland
2013	D.J. Stephens
2013	Daniel Theis
2013	Adonis Thomas
2014	Keith Appling
2014	Jerrelle Benimon
2014	Sim Bhullar
2014	Khem Birch
2014	Tarik Black
2014	Jabari Brown
2014	Coty Clarke
2014	Bryce Cotton
2014	Torrey Craig
2014	Mitch Creek
2014	Andre Dawkins
2014	Jarell Eddie
2014	Cristiano Felicio
2014	Tim Frazier
2014	Langston Galloway
2014	Tyler Johnson
2014	Sean Kilpatrick
2014	Alex Kirk
2014	Maxi Kleber
2014	Walt Lemon
2014	James Michael McAdoo
2014	Eric Moreland
2014	Xavier Munford
2014	JaKarr Sampson
2014	David Stockton
2014	Axel Toupane
2014	David Wear
2014	Travis Wear
2014	Okaro White
2014	Shayne Whittington
2014	Jamil Wilson
2015	Cliff Alexander
2015	Nicolas Brussino
2015	Quinn Cook
2015	Bryce Dejean-Jones
2015	Duje Dukan
2015	Treveon Graham
2015	Aaron Harrison
2015	Vince Hunter
2015	T.J. McConnell
2015	Alfonzo McKinnie
2015	Malcolm Miller
2015	Luis Montero
2015	Maurice Ndour
2015	J.J. OBrien
2015	Royce ONeale
2015	Chasson Randle
2015	Jordan Sibert
2015	Julian Washburn
2015	Briante Weber
2015	Alan Williams
2015	Christian Wood
